<?xml version="1.0" encoding="UTF-8" ?>
<!DOCTYPE mapper PUBLIC "-//mybatis.org//DTD Mapper 3.0//EN" "http://mybatis.org/dtd/mybatis-3-mapper.dtd" >
<mapper namespace="com.example.wechat.domain.mapper.WxFSMapper" >
  <resultMap id="BaseResultMap" type="com.example.wechat.domain.model.WxFS" >
    <id column="id" property="id" jdbcType="INTEGER" />
    <result column="fId" property="fid" jdbcType="VARCHAR" />
    <result column="sId" property="sid" jdbcType="VARCHAR" />
  </resultMap>
  <sql id="Base_Column_List" >
    id, fId, sId
  </sql>
  <select id="selectByPrimaryKey" resultMap="BaseResultMap" parameterType="java.lang.Integer" >
    select 
    <include refid="Base_Column_List" />
    from wx_f_s
    where id = #{id,jdbcType=INTEGER}
  </select>





  <delete id="deleteByPrimaryKey" parameterType="java.lang.Integer" >
    delete from wx_f_s
    where id = #{id,jdbcType=INTEGER}
  </delete>
  <insert id="insert" parameterType="com.example.wechat.domain.model.WxFS" useGeneratedKeys="true" keyProperty="id">
    insert into wx_f_s ( fId, sId)
    values (#{fid,jdbcType=VARCHAR}, #{sid,jdbcType=VARCHAR})
  </insert>
  <insert id="insertSelective" parameterType="com.example.wechat.domain.model.WxFS" >
    insert into wx_f_s
    <trim prefix="(" suffix=")" suffixOverrides="," >
      <if test="id != null" >
        id,
      </if>
      <if test="fid != null" >
        fId,
      </if>
      <if test="sid != null" >
        sId,
      </if>
    </trim>
    <trim prefix="values (" suffix=")" suffixOverrides="," >
      <if test="id != null" >
        #{id,jdbcType=INTEGER},
      </if>
      <if test="fid != null" >
        #{fid,jdbcType=VARCHAR},
      </if>
      <if test="sid != null" >
        #{sid,jdbcType=VARCHAR},
      </if>
    </trim>
  </insert>
  <update id="updateByPrimaryKeySelective" parameterType="com.example.wechat.domain.model.WxFS" >
    update wx_f_s
    <set >
      <if test="fid != null" >
        fId = #{fid,jdbcType=VARCHAR},
      </if>
      <if test="sid != null" >
        sId = #{sid,jdbcType=VARCHAR},
      </if>
    </set>
    where id = #{id,jdbcType=INTEGER}
  </update>
  <update id="updateByPrimaryKey" parameterType="com.example.wechat.domain.model.WxFS" >
    update wx_f_s
    set fId = #{fid,jdbcType=VARCHAR},
      sId = #{sid,jdbcType=VARCHAR}
    where id = #{id,jdbcType=INTEGER}
  </update>
</mapper>