<?xml version="1.0" encoding="UTF-8"?>
<!DOCTYPE mapper PUBLIC "-//mybatis.org//DTD Mapper 3.0//EN" "http://mybatis.org/dtd/mybatis-3-mapper.dtd">
<mapper namespace="com.example.wechat.domain.mapper.WxUserMapper">
  <resultMap id="BaseResultMap" type="com.example.wechat.domain.model.WxUser">
    <id column="id" jdbcType="INTEGER" property="id" />
    <result column="openid" jdbcType="VARCHAR" property="openid" />
    <result column="subscribe" jdbcType="INTEGER" property="subscribe" />
    <result column="nickname" jdbcType="VARCHAR" property="nickname" />
    <result column="sex" jdbcType="INTEGER" property="sex" />
    <result column="city" jdbcType="VARCHAR" property="city" />
    <result column="country" jdbcType="VARCHAR" property="country" />
    <result column="province" jdbcType="VARCHAR" property="province" />
    <result column="language" jdbcType="VARCHAR" property="language" />
    <result column="headimgurl" jdbcType="VARCHAR" property="headimgurl" />
    <result column="subscribeTime" jdbcType="TIMESTAMP" property="subscribetime" />
    <result column="unionid" jdbcType="VARCHAR" property="unionid" />
    <result column="remark" jdbcType="VARCHAR" property="remark" />
    <result column="groupid" jdbcType="VARCHAR" property="groupid" />
  </resultMap>
  <sql id="Base_Column_List">
    id, openid, subscribe, nickname, sex, city, country, province, language, headimgurl, 
    subscribeTime, unionid, remark, groupid
  </sql>
  <select id="selectByPrimaryKey" parameterType="java.lang.Integer" resultMap="BaseResultMap">
    select 
    <include refid="Base_Column_List" />
    from wx_user
    where id = #{id,jdbcType=INTEGER}
  </select>

  <select id="selectByOpenId" resultMap="BaseResultMap">
    select
    <include refid="Base_Column_List" />
    from wx_user
    where openid=#{openId}
  </select>

  <select id="selectByfId" resultMap="BaseResultMap" >
select * from wx_user
where openid in (select sId from wx_f_s where fId=#{fId} )
  </select>


  <delete id="deleteByPrimaryKey" parameterType="java.lang.Integer">
    delete from wx_user
    where id = #{id,jdbcType=INTEGER}
  </delete>
  <insert id="insert" parameterType="com.example.wechat.domain.model.WxUser" useGeneratedKeys="true" keyProperty="id">
    insert into wx_user (openid, subscribe,
      nickname, sex, city, 
      country, province, language, 
      headimgurl, subscribeTime, unionid, 
      remark, groupid)
    values ( #{openid,jdbcType=VARCHAR}, #{subscribe,jdbcType=INTEGER},
      #{nickname,jdbcType=VARCHAR}, #{sex,jdbcType=INTEGER}, #{city,jdbcType=VARCHAR}, 
      #{country,jdbcType=VARCHAR}, #{province,jdbcType=VARCHAR}, #{language,jdbcType=VARCHAR}, 
      #{headimgurl,jdbcType=VARCHAR}, #{subscribetime,jdbcType=TIMESTAMP}, #{unionid,jdbcType=VARCHAR}, 
      #{remark,jdbcType=VARCHAR}, #{groupid,jdbcType=VARCHAR})
  </insert>
  <insert id="insertSelective" parameterType="com.example.wechat.domain.model.WxUser">
    insert into wx_user
    <trim prefix="(" suffix=")" suffixOverrides=",">
      <if test="id != null">
        id,
      </if>
      <if test="openid != null">
        openid,
      </if>
      <if test="subscribe != null">
        subscribe,
      </if>
      <if test="nickname != null">
        nickname,
      </if>
      <if test="sex != null">
        sex,
      </if>
      <if test="city != null">
        city,
      </if>
      <if test="country != null">
        country,
      </if>
      <if test="province != null">
        province,
      </if>
      <if test="language != null">
        language,
      </if>
      <if test="headimgurl != null">
        headimgurl,
      </if>
      <if test="subscribetime != null">
        subscribeTime,
      </if>
      <if test="unionid != null">
        unionid,
      </if>
      <if test="remark != null">
        remark,
      </if>
      <if test="groupid != null">
        groupid,
      </if>
    </trim>
    <trim prefix="values (" suffix=")" suffixOverrides=",">
      <if test="id != null">
        #{id,jdbcType=INTEGER},
      </if>
      <if test="openid != null">
        #{openid,jdbcType=VARCHAR},
      </if>
      <if test="subscribe != null">
        #{subscribe,jdbcType=INTEGER},
      </if>
      <if test="nickname != null">
        #{nickname,jdbcType=VARCHAR},
      </if>
      <if test="sex != null">
        #{sex,jdbcType=INTEGER},
      </if>
      <if test="city != null">
        #{city,jdbcType=VARCHAR},
      </if>
      <if test="country != null">
        #{country,jdbcType=VARCHAR},
      </if>
      <if test="province != null">
        #{province,jdbcType=VARCHAR},
      </if>
      <if test="language != null">
        #{language,jdbcType=VARCHAR},
      </if>
      <if test="headimgurl != null">
        #{headimgurl,jdbcType=VARCHAR},
      </if>
      <if test="subscribetime != null">
        #{subscribetime,jdbcType=TIMESTAMP},
      </if>
      <if test="unionid != null">
        #{unionid,jdbcType=VARCHAR},
      </if>
      <if test="remark != null">
        #{remark,jdbcType=VARCHAR},
      </if>
      <if test="groupid != null">
        #{groupid,jdbcType=VARCHAR},
      </if>
    </trim>
  </insert>
  <update id="updateByPrimaryKeySelective" parameterType="com.example.wechat.domain.model.WxUser">
    update wx_user
    <set>
      <if test="openid != null">
        openid = #{openid,jdbcType=VARCHAR},
      </if>
      <if test="subscribe != null">
        subscribe = #{subscribe,jdbcType=INTEGER},
      </if>
      <if test="nickname != null">
        nickname = #{nickname,jdbcType=VARCHAR},
      </if>
      <if test="sex != null">
        sex = #{sex,jdbcType=INTEGER},
      </if>
      <if test="city != null">
        city = #{city,jdbcType=VARCHAR},
      </if>
      <if test="country != null">
        country = #{country,jdbcType=VARCHAR},
      </if>
      <if test="province != null">
        province = #{province,jdbcType=VARCHAR},
      </if>
      <if test="language != null">
        language = #{language,jdbcType=VARCHAR},
      </if>
      <if test="headimgurl != null">
        headimgurl = #{headimgurl,jdbcType=VARCHAR},
      </if>
      <if test="subscribetime != null">
        subscribeTime = #{subscribetime,jdbcType=TIMESTAMP},
      </if>
      <if test="unionid != null">
        unionid = #{unionid,jdbcType=VARCHAR},
      </if>
      <if test="remark != null">
        remark = #{remark,jdbcType=VARCHAR},
      </if>
      <if test="groupid != null">
        groupid = #{groupid,jdbcType=VARCHAR},
      </if>
    </set>
    where id = #{id,jdbcType=INTEGER}
  </update>
  <update id="updateByPrimaryKey" parameterType="com.example.wechat.domain.model.WxUser">
    update wx_user
    set openid = #{openid,jdbcType=VARCHAR},
      subscribe = #{subscribe,jdbcType=INTEGER},
      nickname = #{nickname,jdbcType=VARCHAR},
      sex = #{sex,jdbcType=INTEGER},
      city = #{city,jdbcType=VARCHAR},
      country = #{country,jdbcType=VARCHAR},
      province = #{province,jdbcType=VARCHAR},
      language = #{language,jdbcType=VARCHAR},
      headimgurl = #{headimgurl,jdbcType=VARCHAR},
      subscribeTime = #{subscribetime,jdbcType=TIMESTAMP},
      unionid = #{unionid,jdbcType=VARCHAR},
      remark = #{remark,jdbcType=VARCHAR},
      groupid = #{groupid,jdbcType=VARCHAR}
    where id = #{id,jdbcType=INTEGER}
  </update>

  <update id="updateSubscribe">
     update wx_user set subscribe=#{subscribe} where openid=#{openid}
  </update>



</mapper>